"Name","Symbol","Circulating Supply","Dollar Volume"
"Bitcoin","BTC","16728050.0","24676400000.0"
"Ethereum","ETH","96212139.9678","2404230000.0"
"Bitcoin Cash","BCH","16844550.0","2686020000.0"
"IOTA","MIOTA","2779530283.0","840718000.0"
"Ripple","XRP","38739145009.0","667439000.0"
"Litecoin","LTC","54199583.1531","780343000.0"
"Dash","DASH","7740886.07186","301284000.0"
"Bitcoin Gold","BTG","16694973.589","199022000.0"
"Monero","XMR","15449231.8962","236012000.0"
"Cardano","ADA","25927070538.0","65602600.0"
"Ethereum Classic","ETC","98197211.0","526214000.0"
"Stellar Lumens","XLM","17836688389.0","232149000.0"
"NEM","XEM","8999999999.0","31224900.0"
"NEO","NEO","65000000.0","134719000.0"
"EOS","EOS","526242339.505","166152000.0"
"BitConnect","BCC","3185691.80202","28726500.0"
"Populous","PPT","41252246.0","4596390.0"
"Lisk","LSK","115719232.0","47372400.0"
"Qtum","QTUM","73696328.0","158941000.0"
"MonaCoin","MONA","55868924.8935","33056800.0"
"Zcash","ZEC","2790281.25","128079000.0"
"Stratis","STRAT","98652665.2454","75640100.0"
"Tether","USDT","814017347.72","2161050000.0"
"OmiseGO","OMG","102042551.763","59374900.0"
"Waves","WAVES","100000000.0","51249800.0"
"Nxt","NXT","998999941.508","249442000.0"
"Hshare","HSR","42346228.8011","48630700.0"
"Ardor","ARDR","998999495.0","9616760.0"
"Einsteinium","EMC2","216104747.4","178124000.0"
"Bytecoin","BCN","1.83253534612e+11","8612160.0"
"Steem","STEEM","246365803.794","13859200.0"
"BitShares","BTS","2604100000.0","29049900.0"
"SALT","SALT","50533841.7307","23995400.0"
"Ark","ARK","97981284.0","13330800.0"
"Veritaseum","VERI","2026045.44","1061900.0"
"Vertcoin","VTC","41903950.0","38756900.0"
"Komodo","KMD","103710317.757","11202100.0"
"Decred","DCR","6315524.27498","5250140.0"
"Augur","REP","11000000.0","6396500.0"
"Dogecoin","DOGE","1.1224554246e+11","14501200.0"
"TRON","TRX","65748192475.5","25198800.0"
"QASH","QASH","350000000.0","12836200.0"
"Binance Coin","BNB","99014000.0","30647900.0"
"Golem","GNT","833032000.0","8412190.0"
"Siacoin","SC","31396146174.0","12978900.0"
"PIVX","PIVX","55079061.4422","3719290.0"
"MaidSafeCoin","MAID","452552412.0","7260680.0"
"Walton","WTC","24898178.0","26918100.0"
"TenX","PAY","104661310.0","8498460.0"
"DigixDAO","DGD","2000000.0","2361740.0"
"Cryptonex","CNX","45000735.1309","317940.0"
"Status","SNT","3470483788.0","19542500.0"
"Power Ledger","POWR","351092105.13","60951700.0"
"Factom","FCT","8745102.0","12898600.0"
"BitcoinDark","BTCD",,"383041.0"
"Santiment Net...","SAN","60522559.957","20514400.0"
"Basic Attenti...","BAT","1000000000.0","7058140.0"
"Kyber Network","KNC","134132696.93","14849200.0"
"Syscoin","SYS","529403683.324","9419400.0"
"Bytom","BTM","987000000.0","3029120.0"
"Exchange Union","XUC","24798537.9","878762.0"
"VeChain","VEN","277162633.45","14005000.0"
"Gas","GAS","8597035.40181","3382910.0"
"Byteball Bytes","GBYTE","645222.052938","780870.0"
"ZCoin","XZC","3609322.77818","10757400.0"
"Aeternity","AE","233020472.114","1317300.0"
"Raiden Networ...","RDN","50148936.0","12318800.0"
"Iconomi","ICN","99788314.2229","1673160.0"
"Pura","PURA","171989868.68","545545.0"
"DigiByte","DGB","9520089435.34","14782700.0"
"FunFair","FUN","4249873621.73","3943970.0"
"GameCredits","GAME","64355352.0","3167440.0"
"Gnosis","GNO","1104590.0","1535100.0"
"0x","ZRX","500000000.0","6103070.0"
"Decentraland","MANA","2273755650.0","56173500.0"
"Verge","XVG","14358052301.9","6418810.0"
"Skycoin","SKY","6000000.0","195762.0"
"Ethos","ETHOS","75166627.3785","3376950.0"
"Monaco","MCO","10768876.215","30566200.0"
"Blocknet","BLOCK","4918144.17098","412896.0"
"Bancor","BNT","40772870.6564","4800360.0"
"MinexCoin","MNX","3000000.0","437512.0"
"Dragonchain","DRGN","238421940.0","1343290.0"
"Civic","CVC","342700000.0","4562790.0"
"NAV Coin","NAV","62137585.0324","8283950.0"
"GXShares","GXS","40510000.0","7786320.0"
"RChain","RHOC","182963195.1","408992.0"
"Metal","MTL","19300994.0","9682280.0"
"Nexus","NXS","54254309.4243","1289530.0"
"Counterparty","XCP","2617463.95578","2475060.0"
"Streamr DATAcoin","DATA","677154514.0","5637050.0"
"Storj","STORJ","105413683.166","9705060.0"
"Edgeless","EDG","82046288.0","6239750.0"
"Aion","AION","41064475.9372","482123.0"
"RaiBlocks","XRB",,"1527390.0"
"Pepe Cash","PEPECASH","701884009.0","2791090.0"
"Metaverse ETP","ETP","36595356.7815","7619700.0"
"Achain","ACT","300000000.0","893985.0"
"Substratum","SUB","226091448.88","6216250.0"
"ChainLink","LINK","350000000.0","4917020.0"
"Revain","R","184450000.0","716011.0"
"Peercoin","PPC","24498600.3934","3564020.0"
"Lykke","LKK","263413176.48","260944.0"
"SingularDTV","SNGLS","600000000.0","2415380.0"
"Particl","PART","7798370.86993","2575470.0"
"PotCoin","POT","218903889.616","5977480.0"
"Ubiq","UBQ","39182801.9477","1449440.0"
"BitBay","BAY","1008095366.19","2996470.0"
"Jinn","JINN","58703.0","10704.1"
"Loopring","LRC","286170755.524","6639470.0"
"ZenCash","ZEN","2455647.92267","3030430.0"
"Request Network","REQ","640739733.245","11110600.0"
"Quantstamp","QSP","617314170.819","19343500.0"
"FedoraCoin","TIPS","4.43168182458e+11","1284.64"
"AdEx","ADX","60248315.0","10425300.0"
"ATMChain","ATM","3745253091.8","70899.3"
"FairCoin","FAIR","53193831.47","194376.0"
"Groestlcoin","GRS","68962748.8874","5509410.0"
"YOYOW","YOYOW","211436247.173","25615100.0"
"Aragon","ANT","32527201.1796","799043.0"
"Ripio Credit ...","RCN","485142647.353","9278320.0"
"Viacoin","VIA","22917724.375","2127830.0"
"SuperNET","UNITY","816060.7785","10299.5"
"Open Trading ...","OTN","4316655.22363","634322.0"
"Feathercoin","FTC","184287240.0","1431320.0"
"Quantum Resis...","QRL","52000000.0","699692.0"
"Safe Exchange...","SAFEX","2147483647.0","4032970.0"
"Aeon","AEON","14651140.4045","362925.0"
"Cobinhood","COB","265232443.805","296577.0"
"PayPie","PPP","82500000.0","216729.0"
"Mercury","MER","100000000.0","2761630.0"
"Eidoo","EDO","20986407.2613","2942270.0"
"MCAP","MCAP","38295641.0947","2034010.0"
"MobileGo","MGO","98028887.0","329536.0"
"Neblio","NEBL","12614752.7472","748141.0"
"Melon","MLN","599400.0","931964.0"
"Asch","XAS","90944360.0","509005.0"
"SONM","SNM","359600000.0","2441290.0"
"Wings","WINGS","89708333.0","1145890.0"
"ReddCoin","RDD","28683781717.3","2013420.0"
"Voxels","VOX","210000000.0","11978100.0"
"Kin","KIN","7.56097560976e+11","67541.9"
"Ink","INK","178250000.0","20263100.0"
"CloakCoin","CLOAK","5124093.55821","831424.0"
"Emercoin","EMC","41033135.5624","292820.0"
"KuCoin Shares","KCS","91043076.0001","942125.0"
"Enigma","ENG","74836171.09","5418970.0"
"Namecoin","NMC","14736400.0","988938.0"
"Bitcore","BTX","1808259.45863","2274940.0"
"bitqy","BQ","2713706360.81","15467.4"
"Russian Miner...","RMC","1507.0","77951.4"
"WeTrust","TRST","92147500.0","1621080.0"
"Rise","RISE","113139200.0","4107490.0"
"iExec RLC","RLC","79070793.2388","1014590.0"
"AirSwap","AST","150000000.0","4158980.0"
"WhiteCoin","XWC","248542523.193","1202570.0"
"Zeusshield","ZSC","1153170765.0","1512490.0"
"Agoras Tokens","AGRS","42000000.0","312393.0"
"Pillar","PLR","227384800.0","164369.0"
"Diamond","DMD","2547963.90398","252333.0"
"CoinDash","CDT","560650080.17","3482990.0"
"I/O Coin","IOC","16398347.9743","468024.0"
"TaaS","TAAS","8146000.7794","598187.0"
"Cofound.it","CFI","325000000.0","1275610.0"
"SIBCoin","SIB","15964146.4564","529719.0"
"ION","ION","18161277.9994","256384.0"
"Tierion","TNT","422513667.499","8042490.0"
"DECENT","DCT","51306089.0","1065920.0"
"Presearch","PRE","155000000.0","171191.0"
"Modum","MOD","18266200.0","1734870.0"
"Gulden","NLG","357609345.0","433403.0"
"OKCash","OK","73397857.5856","7206080.0"
"LBRY Credits","LBC","113195885.001","2286590.0"
"Time New Bank","TNB","1132673199.37","1835070.0"
"SaluS","SLS","1009686.21592","2236760.0"
"SmartCash","SMART","423877338.793","136441.0"
"Grid+","GRID","39236491.0","50363.8"
"Enjin Coin","ENJ","756192535.064","11348300.0"
"Centra","CTR","68000000.0","1952960.0"
"FirstBlood","1ST","85558370.5","733968.0"
"Blocktix","TIX","40000000.0","3326980.0"
"BLOCKv","VEE","1349120359.24","162233.0"
"Steem Dollars","SBD","3589617.589","4076230.0"
"GridCoin","GRC","390312753.151","1387820.0"
"Crown","CRW","16322069.9069","190501.0"
"BitDice","CSNO","70000000.0","85121.1"
"Dentacoin","DCN","3.25190215376e+11","35130.6"
"NoLimitCoin","NLC2","204603267.002","282865.0"
"Ambrosus","AMB","144590975.0","597543.0"
"Cindicator","CND","1445976590.33","350906.0"
"LEOcoin","LEO","94442956.145","1607740.0"
"district0x","DNT","600000000.0","4011430.0"
"Moeda Loyalty...","MDA","19628888.0","1538820.0"
"Paypex","PAYX","68380258.29","18716.0"
"Numeraire","NMR","1296778.95335","874954.0"
"Bitzeny","ZNY","75614500.0","990926.0"
"Omni","OMNI","560243.751798","782422.0"
"Shift","SHIFT","11484022.1","462024.0"
"Boolberry","BBR","10720038.3318","60079.2"
"Xaurum","XAUR","127107894.983","310557.0"
"Triggers","TRIG","32105577.5103","2115140.0"
"Polybius","PLBT","3820953.60641","452956.0"
"BlackCoin","BLK","76535129.3959","1002310.0"
"MonetaryUnit","MUE","119547816.0","1915820.0"
"Burst","BURST","1800339818.0","1630870.0"
"Elastic","XEL","87731088.0","706160.0"
"Wagerr","WGR","183000000.0","119594.0"
"Global Curren...","GCR","103486096.911","4033250.0"
"Etherparty","FUEL","484096252.554","1738060.0"
"EthLend","LEND","940000000.0","495095.0"
"Waves Communi...","WCT",,"51405.7"
"Unikoin Gold","UKG","133789637.35","103758.0"
"Humaniq","HMQ","162862752.776","898325.0"
"Delphy","DPY","28166669.38","26518.7"
"Rubycoin","RBY","25063986.3918","132122.0"
"Unobtanium","UNO","197891.171519","79299.8"
"Synereo","AMP","82256324.0","1076040.0"
"Golos","GOLOS","124518891.448","61350.3"
"Matchpool","GUP","75000000.0","2459820.0"
"XPlay","XPA","1000000000.0","505822.0"
"Stox","STX","42742407.1494","1739490.0"
"TransferCoin","TX","6233914.0","1333230.0"
"DigitalNote","XDN","6885695758.17","8600820.0"
"Aventus","AVT","6000000.0","2348160.0"
"Everex","EVX","16500000.0","2542310.0"
"Clams","CLAM","2751411.19469","2337810.0"
"Databits","DTB","22747808.5","226804.0"
"ATBCoin","ATB","39492480.6804","2979110.0"
"XTRABYTES","XBY","430000000.0","218739.0"
"ICOS","ICOS","583346.931657","17335.8"
"Po.et","POE","2176495390.0","1014980.0"
"Viberate","VIB","160966468.432","3474060.0"
"Genesis Vision","GVT","3726780.89997","1703790.0"
"BitSend","BSD","17426000.0","265914.0"
"Hive","HVN","375000000.0","450984.0"
"Sphere","SPHR","3082940.27603","997273.0"
"Red Pulse","RPX","543348500.0","614199.0"
"TokenCard","TKN","23644055.9283","831888.0"
"NuShares","NSR","2777600756.0","3186.24"
"iXledger","IXT","35778843.8312","478165.0"
"The ChampCoin","TCC","164925727.0","585209.0"
"NeosCoin","NEOS","3602178.3521","348822.0"
"SunContract","SNC","107712011.154","722046.0"
"Target Coin","TGT","952429892.0","1055.39"
"HempCoin","THC","229725760.379","2348760.0"
"OBITS","OBITS","15751999.9451","18500.3"
"Rialto","XRL","84999999.9415","53409.1"
"ALIS","ALIS","38538648.0864","138329.0"
"Xenon","XNN","300000000.0","34758.7"
"Soarcoin","SOAR","711480734.526","16459.4"
"OracleChain","OCT","30000000.0","79474.5"
"Gambit","GAM","1198545.74104","233220.0"
"Expanse","EXP","7906396.53078","850708.0"
"Etheroll","DICE","7001622.64879","13985.4"
"VeriCoin","VRC","30500019.0194","1134610.0"
"Radium","RADS","3404371.19794","999599.0"
"adToken","ADT","600000000.0","152768.0"
"FoldingCoin","FLDC","550358603.0","9925760.0"
"Monetha","MTH","216863420.3","933575.0"
"SpankChain","SPANK","300043386.0","29685.3"
"SolarCoin","SLR","38422086.5199","401490.0"
"Rivetz","RVT","26244468.18","52172.5"
"Tao","XTO","32656397.974","7752.89"
"Peerplays","PPY","3823697.83858","2662.08"
"bitCNY","BITCNY","108337000.0","4986350.0"
"HEAT","HEAT",,"40360.0"
"Nimiq","NET","10500000.0","286635.0"
"Masternodecoin","MTNC","49239980.814","9521.94"
"Paragon","PRG","64936678.1911","297544.0"
"KickCoin","KICK","321137782.25","1448200.0"
"Mothership","MSP","140000000.0","318836.0"
"DeepOnion","ONION","4489888.74189","295910.0"
"Vcash","XVC","15362475.5707","1184290.0"
"Agrello","DLT","85978873.0","1804420.0"
"Primas","PST","51200000.0","65184.1"
"FlorinCoin","FLO","140405656.117","516524.0"
"Dent","DENT","10614760961.2","198796.0"
"ClearPoll","POLL","6999991.0","642410.0"
"LoMoCoin","LMC","221360587.295","1264680.0"
"Maecenas","ART","30150150.1476","27427.1"
"BridgeCoin","BCO","27000000.0","10990.3"
"Obsidian","ODN","25000000.0","316410.0"
"Energycoin","ENRG","121449451.575","218300.0"
"Mysterium","MYST","19429024.2167","3482590.0"
"Lunyr","LUN","2297853.07853","243931.0"
"Swarm City","SWT","7885955.38141","258841.0"
"Chronobank","TIME","710112.8108","1044560.0"
"Bitcloud","BTDX","15913925.5776","37506.2"
"InvestFeed","IFT","191381257.0","139779.0"
"Bitdeal","BDL","175583793.0","257128.0"
"Blackmoon Crypto","BMC","30049250.7614","1250780.0"
"Nexium","NXC","66521586.0","270502.0"
"ToaCoin","TOA","1331155613.67","41801.1"
"Decision Token","HST","31182814.0597","247149.0"
"Pascal Coin","PASC","15834900.0","180653.0"
"Patientory","PTOY","70000000.0","995132.0"
"AirToken","AIR","1050000000.0","86662.0"
"Internet of P...","IOP","1816107.0","8614940.0"
"Incent","INCNT","46016602.0","216048.0"
"Change","CAG","37109886.8163","237898.0"
"Curecoin","CURE","23813019.7515","174572.0"
"Novacoin","NVC","1920774.94339","169134.0"
"Riecoin","RIC","39614674.9998","433456.0"
"Sequence","SEQ","45206569.5148","166637.0"
"BitBean","BITB","2254542000.0","374948.0"
"DubaiCoin","DBIX","1636876.951","165423.0"
"NewYorkCoin","NYC","1.29032781759e+11","12870.3"
"Auroracoin","AUR","8658139.13597","1046360.0"
"DomRaider","DRT","591500000.0","58365.5"
"PRIZM","PZM","11559035.76","9988.4"
"Quantum","QAU","77429073.815","53612.4"
"BlockMason Cr...","BCPT","45166200.0","348286.0"
"PinkCoin","PINK","370959250.0","499308.0"
"Onix","ONX","27432814.0","267556.0"
"PoSW Coin","POSW","44100000.0","78088.1"
"Credo","CREDO","549891702.891","2602.02"
"OAX","OAX","25009249.58","2012950.0"
"Stealthcoin","XST","27558598.4883","67031.2"
"bitUSD","BITUSD","9555250.0","2018080.0"
"Bankcoin","B@",,"10128.1"
"Bitcoin Plus","XBC","103496.684448","462331.0"
"EarthCoin","EAC","11532040054.6","68952.7"
"Bitcrystals","BCY","23192530.6116","286561.0"
"Mooncoin","MOON","2.22974845443e+11","14812.9"
"Neutron","NTRN","32568852.0961","80395.7"
"Dynamic","DYN","1881199.36691","750381.0"
"Pesetacoin","PTC","131788604.414","173479.0"
"EncrypGen","DNA","36057247.34","212210.0"
"Musicoin","MUSIC","489017634.0","490385.0"
"Bitmark","BTM","7306740.0","608814.0"
"Kore","KORE","2022464.88697","859015.0"
"BlockCAT","CAT","7360121.11185","69187.5"
"BLUE","BLUE","33509711.0","56901.5"
"Myriad","XMY","1535440500.0","269833.0"
"Syndicate","SYNX","16550390.0","1211500.0"
"CasinoCoin","CSC","38601187.0","907.955"
"ECC","ECC","25000000000.0","3330.57"
"COSS","COSS","83000000.0","370497.0"
"CVCoin","CVCOIN","9837033.0","6260.37"
"Mintcoin","MINT","24947260808.0","139887.0"
"DAO.Casino","BET","167270820.688","15878.5"
"Pluton","PLU","849999.5","5107.88"
"E-Dinar Coin","EDR","886211987.679","667859.0"
"DecentBet","DBET","66589163.2318","16928.2"
"Sexcoin","SXC","125389069.933","52679.9"
"Lampix","PIX","113322017.0","28091.3"
"VIBE","VIBE","188379569.198","25302.9"
"Circuits of V...","COVAL","1000000000.0","341973.0"
"PutinCoin","PUT","316191398.0","5586.66"
"Astro","ASTRO","3313833.18","11313.6"
"Memetic","MEME","16458796.1263","2380550.0"
"NVO","NVST","15000000.0","3112.33"
"Qwark","QWARK","41957344.8259","250731.0"
"Spectrecoin","XSPEC","20785264.0912","33337.9"
"APX","APX",,"125709.0"
"Bitswift","SWIFT","4069196.94667","134758.0"
"Voise","VOISE","643012000.0","750109.0"
"ZrCoin","ZRC",,"15472.9"
"EverGreenCoin","EGC","13321300.5675","10796900.0"
"Divi","DIVX","5143006.61546","119016.0"
"HTMLCOIN","HTML5","40659020000.0","30735.2"
"Synergy","SNRG","3248852.83315","71543.2"
"ArtByte","ABY",,"174040.0"
"Terracoin","TRC","21813013.8555","18196.9"
"LAToken","LA","40323010.0","10625.8"
"TrustPlus","TRUST","32086595.2637","101142.0"
"DopeCoin","DOPE","111085648.166","859285.0"
"DCORP","DRP","8094002.47","43383.4"
"SuperCoin","SUPER","47154116.272","33784.6"
"ChainCoin","CHC","14171372.1499","39748.5"
"TrezarCoin","TZC","81507800.0","24350.5"
"GoldCoin","GLD","40675236.0","129162.0"
"Elixir","ELIX","26060656.4976","78689.9"
"vTorrent","VTR","10815965.8227","1604530.0"
"Primalbase Token","PBT","1000.0","303448.0"
"Primecoin","XPM","21611946.0603","167368.0"
"Sharechain","SSS","1633760178.32","6642540.0"
"Bela","BELA","38914675.0","199189.0"
"Creditbit","CRB","16504873.7173","190772.0"
"2GIVE","2GIVE","518390102.238","147514.0"
"Breakout Stake","BRX","6268082.49403","114623.0"
"Bismuth","BIS","6008551.64041","56199.5"
"Pirl","PIRL","5139708.0","199032.0"
"ExclusiveCoin","EXCL","4362204.0","364980.0"
"AsiaCoin","AC","1170431612.87","1099.78"
"EuropeCoin","ERC","9958071.76546","72852.5"
"YashCoin","YASH","10000272.4881","547.891"
"TheGCCcoin","GCC","498263438.169","2938.27"
"Project Decorum","PDC","50000000.0","263489.0"
"Flixxo","FLIXX","68986644.9752","110535.0"
"Phore","PHR","9717767.16805","101506.0"
"Karbowanec","KRB","4898839.0472","110957.0"
"TrueFlip","TFL","6247267.0","8696.55"
"HelloGold","HGT","263034654.051","16982.8"
"GoByte","GBX","195941.365564","272316.0"
"Breakout","BRK","18142082.9233","73259.0"
"LUXCoin","LUX","551338.506666","820605.0"
"vSlice","VSL","33390496.0334","19914.0"
"Rupee","RUP","22421950.0","53834.8"
"Propy","PRO","14057212.0","64739.3"
"Social","SCL","16714019.6643","11748.3"
"MyBit Token","MYB","2616333.56933","9236.99"
"CannabisCoin","CANN","77231175.5326","704994.0"
"Ixcoin","IXC","20999087.999","826.534"
"Blitzcash","BLITZ","4110253.12431","54671.3"
"MarteXcoin","MXT","2816444.56481","6396.12"
"Centurion","CNT","73877868.578","9067.89"
"BlueCoin","BLU","574683675.01","9133.64"
"Atmos","ATMS","100316889.889","19072.9"
"Dimecoin","DIME","5.38862496976e+11","11733.8"
"ParkByte","PKB","4764026.33477","353870.0"
"Bitcoin Red","BTCRED","14397076.499","359699.0"
"eBitcoin","EBTC","18897126.0","40773.6"
"Opus","OPT","140080548.898","9099.11"
"Oceanlab","OCL","46500000.0","72247.4"
"Dovu","DOVU","33373523.4858","20147.8"
"HunterCoin","HUC","20397370.0","204026.0"
"Startcoin","START","45079785.0","3022280.0"
"Darcrus","DAR","13600388.07","64672.1"
"Indorse Token","IND","46508191.6651","212980.0"
"Aeron","ARN","11803430.7063","3263880.0"
"GeoCoin","GEO","3330710.0","119154.0"
"Hush","HUSH","2242500.0","75890.2"
"e-Gulden","EFL","15969926.0","79771.8"
"Autonio","NIO","65828135.0","52627.4"
"SHIELD","XSH","467091485.974","49215.7"
"LIFE","LIFE","6549339578.21","4095.69"
"Dotcoin","DOT","269784750.0","144612.0"
"Zephyr","ZEPH","125990535.381","18346.9"
"CryptoPing","PING","9952089.0","19674.6"
"Creativecoin","CREA","12893941.426","8478.13"
"XP","XP","1.76052688121e+11","17355.0"
"REAL","REAL","10055817.0","6756.04"
"SpreadCoin","SPR","9218692.44012","580490.0"
"GoldBlocks","GB","15255914.1231","91453.8"
"Quark","QRK","253126154.808","4781.34"
"ZClassic","ZCL","1809800.0","271468.0"
"ATLANT","ATL","13225026.3122","13706.1"
"Kolion","KLN","600000.0","998833.0"
"Magi","XMG","7640033.87681","290515.0"
"Hedge","HDG","3709674.34","25128.0"
"Adelphoi","ADL","23472224.0","12290.7"
"Tracto","TRCT","4464935.54464","14614.9"
"VeriumReserve","VRM","1399561.66269","239496.0"
"AdShares","ADST","12044566.0","6378.34"
"Mercury Protocol","GMT","168809624.822","10421.8"
"Tokes","TKS","1133007.0","145410.0"
"FLiK","FLIK","60123682.1681","15666.2"
"Zennies","ZENI","1000812835.55","13506.0"
"HyperStake","HYP","1073012499.22","17897.0"
"BuzzCoin","BUZZ","5173400513.68","134033.0"
"Internxt","INXT","629609.543","28145.4"
"LuckChain","BASH","715868298.826","4063.06"
"Innova","INN","920849.409848","114062.0"
"ProCurrency","PROC","95994513.69","13254.9"
"Smart Investm...","SIFT","722935.0","2805.61"
"Altcoin","ALT","122175.268484","5694.0"
"Espers","ESP","20808583384.3","3343.39"
"Janus","JNS","23020334.6945","1233.24"
"Yocoin","YOC","108986900.009","28345.4"
"Publica","PBL","18582932.5","38700.5"
"Starta","STA",,"12346.1"
"Paccoin","PAC","3.21728439448e+12","6165.7"
"VIVO","VIVO","808427.65977","109434.0"
"Crave","CRAVE","1450413.0","11197.4"
"DNotes","NOTE","129695040.122","12892.7"
"AudioCoin","ADC","836224337.761","5817.36"
"Universal Cur...","UNIT","12134791.4886","14182.1"
"InflationCoin","IFLT","33950215903.7","4463.71"
"42-coin","42","41.99997312","26589.4"
"CarTaxi Token","CTX","60594810.8145","2933.75"
"DraftCoin","DFT","2231878.65386","22781.5"
"SmartBillions","SMART","6260570.0","5361.6"
"Cryptonite","XCN","373725433.461","18661.5"
"Woodcoin","LOG","8035193.0536","12989.8"
"Zoin","ZOI","15749900.0","14183.9"
"WorldCoin","WDC","117568974.9","4755.59"
"CHIPS","CHIPS","19828023.4983","5539.01"
"Fantomcoin","FCN","6190179.05634","4616.47"
"eBoost","EBST","12000000.0","1076710.0"
"Fastcoin","FST","156913423.582","17361.4"
"Privatix","PRIX","1182667.7806","14456.5"
"Embers","MBRS","50000000.0","1310.3"
"Canada eCoin","CDN","97415544.2208","3840.59"
"EquiTrader","EQT","9856489.37831","7663.66"
"Adzcoin","ADZ","43633557.587","6809.18"
"Hubii Network","HBT","13097723.1379","1506.15"
"Ellaism","ELLA",,"36040.6"
"FIMKrypto","FIMK","577004618.0","957.914"
"Crypto Bullion","CBX","1005637.57154","6932.79"
"Megacoin","MEC","36384774.9931","9752.97"
"PiplCoin","PIPL","83444258.0716","1468.01"
"Elementrem","ELE","25790732.625","4212.1"
"Bata","BTA","4984969.37109","8752.92"
"HitCoin","HTC","10996318099.0","808.499"
"FlypMe","FYP","17638681.0","800.356"
"FuelCoin","FC2","101633261.048","1399.59"
"Legends Room","LGD","2000000.0","145535.0"
"Signatum","SIGT","107972765.656","12492.0"
"FundYourselfNow","FYN","850000.0","11483.5"
"UFO Coin","UFO","3500386262.0","24808.6"
"Zetacoin","ZET","167175214.755","10815.4"
"Bytecent","BYC","1897675.33213","143126.0"
"Coin(O)","CNO","105166878.824","2258.27"
"Sumokoin","SUMO","2458479.05","25247.8"
"1337","1337","23702548259.2","3242.17"
"Interstellar ...","HOLD","66610820.33","25854.9"
"Anoncoin","ANC","2110316.862","5662.33"
"ArcticCoin","ARC","24584066.3579","62423.5"
"NEVERDIE","NDC","41004200.0","881.863"
"Denarius","DNR","1960717.00006","15632.2"
"ALQO","ALQO","10364594.977","72178.7"
"Linda","LINDA","6003429665.78","10974.1"
"Royal Kingdom...","RKC","2700000.0","3124.94"
"Linx","LINX","12636400.0","59945.1"
"Condensate","RAIN","86306008.1773","14103.6"
"Visio","VISIO","50854119.1958","6706.8"
"BitcoinZ","BTCZ","642250091.445","11879.8"
"GCoin","GCN","1.48014485e+11","1309.77"
"Solaris","XLR","809888.648481","31693.7"
"UnbreakableCoin","UNB","2278150.0","1094400.0"
"CryptoCarbon","CCRB","3562111.0","22893.1"
"Pure","PURE","2799100.842","51648.9"
"WavesGo","WGO","9632680.0","1516.78"
"LeviarCoin","XLC","9868371.39087","3299.18"
"Unity Ingot","UNY","202000000.0","18886.8"
"Giga Watt Token","WTT","900000.0","15027.4"
"Dinastycoin","DCY","1420858063.19","1295.27"
"FujiCoin","FJC","1211896574.0","40962.0"
"Miners' Rewar...","MRT",,"18545.5"
"XGOX","XGOX","633453480.55","33035.6"
"Influxcoin","INFX","1673383.42987","59897.7"
"Monster Byte","MBI","16822736.0","4201.85"
"Magnet","MAG","4079082.75368","78844.5"
"ERC20","ERC20","1574741156.0","15809.5"
"MonacoCoin","XMCC","2646062.90396","7879.04"
"SkinCoin","SKIN","88183483.0","29699.3"
"Growers Inter...","GRWI","1137575.5","8641.71"
"Unitus","UIS","46785866.2768","9358.48"
"DigitalPrice","DP","17445374.0","37508.9"
"HiCoin","XHI","189729990.084","225767.0"
"Greencoin","GRE","3600196640.89","6499.83"
"Zero","ZER","1991680.0","14852.2"
"Mao Zedong","MAO","6227454.89526","1142.2"
"Zeitcoin","ZEIT","36971158785.6","2590.33"
"Renos","RNS","33356076.8072","1201.14"
"IncaKoin","NKA","11408461219.2","859.312"
"Mutual Coin","MUT","243691505.617","158394.0"
"KekCoin","KEK","10432205.0","11157.3"
"BTSR","BTSR","3284265.7536","5831.62"
"LiteDoge","LDOGE","14898890014.3","1913.58"
"Deutsche eMark","DEM","32293260.2945","38940.5"
"Ccore","CCO","1000000.0","98827.0"
"PoSToken","POS","863074.634843","81064.5"
"Bitcurrency","BTCR","169598616.141","1434.58"
"Moin","MOIN","7297203.88625","4665.75"
"InsaneCoin","INSN","18379547.8548","2127.31"
"RouletteToken","RLT","10217155.2455","14365.5"
"Ethbits","ETBS","1391603.61019","741.733"
"Minereum","MNE","1612592.43904","11002.9"
"Unify","UNIFY","17784860.75","10692.6"
"Pandacoin","PND","32514916897.8","1698.45"
"IntenseCoin","ITNS","271654424.0","2365.69"
"NuBits","USNBT","960923.0","763794.0"
"Ultimate Secu...","USC","10343113.0054","4644.56"
"Bitpark Coin","BPC","75000000.0","1539.25"
"NetCoin","NET","787126711.552","600.463"
"HoboNickels","HBN","59696358.3945","3015.45"
"Remicoin","RMC","1979223.94375","743.486"
"BitBar","BTB","35387.388947","2112.29"
"Bitradio","BRO","5912567.69247","2787.36"
"Qvolta","QVT","6731528.0","1477.6"
"Kobocoin","KOBO","24700247.6845","576.922"
"Opal","OPAL","15143774.087","3074.94"
"Dashcoin","DSH","17574970.3838","1827.27"
"CryptoInsight","TKR","12529746.9482","7448.56"
"ELTCOIN","ELTCOIN","90000000.0","110705.0"
"Phoenixcoin","PXC","62494343.6429","759.205"
"Accelerator N...","ACC","170941.284274","5997.16"
"BiblePay","BBP","276246877.0","53492.0"
"ZoZoCoin","ZZC","536309.873065","39269.1"
"bitBTC","BITBTC","47.1857","74055.0"
"MazaCoin","MZC","1349573390.44","1595.81"
"Capricoin","CPC","1990045.0","270111.0"
"Vsync","VSX","98964274.0","13620.7"
"Sovereign Hero","HERO","4773.0","1603.46"
"MaxCoin","MAX",,"2491.41"
"TeslaCoin","TES","73456623.9038","727.583"
"Emphy","EPY","7636897.92","851.11"
"SmartCoin","SMC","23586345.3518","764.428"
"TagCoin","TAG","5958652.30571","1718.23"
"Bitcoin Fast","BCF","4654976.47918","10924.8"
"NobleCoin","NOBL","2315500564.87","3234.52"
"WhaleCoin","WHL","4205944.0","136542.0"
"Carboncoin","CARBON","15392009547.5","634.891"
"Trollcoin","TROLL","565940493.0","926.641"
"Joulecoin","XJO","34459019.8598","702.302"
"ChessCoin","CHESS","54032768.6523","907.493"
"Xios","XIOS","2149688.36999","10740.8"
"Netko","NETKO","4361665.0","5974.92"
"Veltor","VLT","554855.0","1293.21"
"AltCommunity ...","ALTCOM",,"7114.74"
"ColossusCoinXT","COLX","4027031669.48","9786.06"
"Authorship","ATS","80000000.0","4736.25"
"FlutterCoin","FLT","322214524.199","6904.1"
"PetroDollar","XPD","63993274.8873","15335.4"
"Crystal Clear ","CCT","2593098.86739","4837.52"
"Bitcoin Scrypt","BTCS","16483650.0","2678.36"
"Happycoin","HPC","12989619.8668","7445.22"
"Cream","CRM","44822756.0875","4003.83"
"Bolivarcoin","BOLI","8443799.9988","7853.92"
"Pakcoin","PAK","44768650.0","3216.66"
"Cannacoin","CCN","4700058.3255","753.003"
"Newbium","NEWB","50000000.0","2747.77"
"BritCoin","BRIT","21268092.1528","2000.67"
"KushCoin","KUSH","5448595.50768","673.819"
"Helleniccoin","HNC","64169880.1625","2306.78"
"Tigercoin","TGC",,"2525.69"
"Sterlingcoin","SLG","4206854.38724","708.279"
"Ethereum Gold","ETG","12000000.0","21521.1"
"Octanox","OTX","8500001.0","796.506"
"BriaCoin","BRIA","601756.194908","1438.88"
"Fujinto","NTO","65802448.0342","421589.0"
"BitTokens","BXT","561996.0","597.83"
"Digitalcoin","DGC","27419143.399","3242.65"
"TrumpCoin","TRUMP","6549168.00013","5480.77"
"FinCoin","FNC","12878667.0","516.48"
"Titcoin","TIT","49898202.15","2459.87"
"SmileyCoin","SMLY","25960250000.0","3155.59"
"Elcoin","EL","11208967.0","2685.32"
"Coin2.1","C2","99976323.0","2256.87"
"Dalecoin","DALC","409217.0","1342.96"
"Nyancoin","NYAN","318763532.755","561.778"
"BERNcash","BERN","71234300.8119","3885.41"
"SwagBucks","BUCKS","321285.9979","868.708"
"Atomic Coin","ATOM","13276555.815","5020.59"
"Ethereum Cash","ECASH","14100000.0","11431.9"
"Oyster Pearl","PRL","29973026.2205","6859.78"
"Zurcoin","ZUR","87101574.0003","4256.79"
"Tychocoin","TYCHO","5024368.0","1766.05"
"Bit20","BTWTY","1.016","11664.8"
"PlatinumBAR","XPTX","422613.455804","1631.73"
"DigitalDevelo...","DDF","5118307.0","6625.3"
"Universe","UNI","11496129.1858","1682.23"
"bitSilver","BITSILVER","8820.16","4750.51"
"Electra","ECA","21958106001.6","1018.96"
"Eternity","ENT","4097509.45022","820.391"
"PostCoin","POST","15868232.6972","4508.35"
"Catcoin","CAT","6204649.97599","2218.48"
"Bolenum","BLN","10000000.0","882.498"
"LanaCoin","LANA","840711660.455","4302.25"
"Upfiring","UFR","14400000.0058","550.146"
"USDe","USDE","1134236103.79","1050.79"
"Cypher","CYP","6365284.67511","2005.58"
"Billionaire T...","XBL","3315372.0","4178.39"
"Ethereum Dark","ETHD","1500000.0","41790.1"
"Triangles","TRI","72891.44241","816.381"
"Freicoin","FRC","29565649.4296","1164.93"
"808Coin","808","3978187849.1","692.342"
"Payfair","PFR","30000000.0","958.661"
"Swing","SWING","2775713.73571","3130.97"
"EcoCoin","ECO","1150488.40204","14271.2"
"GlobalBoost-Y","BSTY","13244729.7637","2729.11"
"Rubies","RBIES","10415251.8921","1561.28"
"Creatio","XCRE","20520514.0","9149.78"
"SpaceCoin","SPACE","20983390.1783","1874.44"
"BlakeStar","BLAS","247061865.872","2511.53"
"Yacoin","YAC","119865207.0","1707.51"
"LiteBar","LTB","810981.602346","729.411"
"KiloCoin","KLC","196297971.01","2821.0"
"MojoCoin","MOJO","12136204.0","1792.15"
"Blakecoin","BLC","15122697.1402","1587.75"
"OctoCoin","888","50419940.3991","1127.06"
"Bitgem","BTG","59439.895698","4223.06"
"iEthereum","IETH","17982000.0","4933.92"
"ChanCoin","4CHN","6706081.22558","3082.02"
"Evotion","EVO","3170047.57226","1936.13"
"Global Tour Coin","GTC","29887402.1779","1051.82"
"Truckcoin","TRK","157167974.986","1968.15"
"Evil Coin","EVIL","21020382.7858","2752.83"
"ParallelCoin","DUO","301818.282475","1564.01"
"SecureCoin","SRC","8245990.95","5824.14"
"ZCash Gold","ZCG","2007615.0","11395.7"
"Senderon","SDRN","38072900.0","1601.23"
"Kittehcoin","MEOW",,"967.773"
"Virtacoinplus","XVP","10928643.0","1608.95"
"Philosopher S...","PHS","6014340.46076","2994.73"
"CampusCoin","CMPCO","285325545.446","5375.74"
"FUNCoin","FUNC","5848581.4093","3245.92"
"Debitcoin","DBTC","17999629.1768","1133.83"
"RedCoin","RED","74107896.0","1581.52"
"Bitcoin Planet","BTPL","5592621.21621","1208.76"
"CorgiCoin","CORG","1251855418.0","548.121"
"TittieCoin","TTC","1259816434.0","1206.65"
"BumbaCoin","BUMBA","22468051.6653","926.467"
"EmberCoin","EMB","92192822723.0","3917.65"
"BitCoal","COAL","4500000.0","3927.88"
"Darsek","KED","14378249.0713","604.099"
"Acoin","ACOIN","1220084.95666","1064.78"
"VoteCoin","VOT","16474625.0","1958.14"
"Emerald Crypto","EMD","19117129.3733","2600.94"
"Confido","CFD","9000000.0","16873.9"
"CoinonatX","XCXT","16021489.7566","888.724"
"Litecoin Plus","LCP","740812.763615","4495.22"
"C-Bit","XCT","157223250.0","531.027"
"Sprouts","SPRTS","1.38598195865e+12","627.094"
"Unrealcoin","URC","7024402.0","687.463"
"BoostCoin","BOST","11855487.1682","1642.96"
"Marscoin","MARS","28279074.0","1484.19"
"eBitcoinCash","EBCH","9285500.0","8362.3"
"bitGold","BITGOLD","89.9694","1372.13"
"Credence Coin","CRDNC","3426959.51594","845748.0"
"DROXNE","DRXNE","63216076.7212","2544.85"
"Kayicoin","KAYI","284249669.688","1144.61"
"Monkey Project","MONK","105797.144933","4657.49"
"PRCoin","PRC","15776800.0","19271.7"
"Hexx","HXX","1485953.091","852.003"
"AnarchistsPrime","ACP","4394873.80102","31178.2"
"FuturXe","FXE","235421.1","3433.32"
"Honey","HONEY","339367.0","955.19"
"GPU Coin","GPU","40477041.6133","647.635"
"GoldPieces","GP","1220160.94808","7060.95"
"Ratecoin","XRA","114880028.228","2039.74"
"Tattoocoin (S...","TSE","90421856.2403","1028.18"
"Cryptojacks","CJ","406568580.908","752.219"
"Virta Unique ...","VUC","61502475.0","2026.32"
"WomenCoin","WOMEN","44220400.2887","7968.43"
"Scorecoin","SCORE","30346590.9892","959.289"
"Allion","ALL","6199359.3398","806.319"
"Marijuanacoin","MAR","1517532.22883","3083.4"
"Cashcoin","CASH","46158241.683","4750.63"
"BitAsean","BAS","5000000.0","2036.86"
"TajCoin","TAJ","8062309.06503","1486.33"
"Flaxscript","FLAX","5585181.1875","4351.95"
"CacheCoin","CACH","4195132.12728","1164.97"
"SixEleven","611","431396.212212","2622.39"
"bitEUR","BITEUR","83746.0","10177.3"
"Californium","CF","2406098.75","18204.7"
"EagleCoin","EAGLE","2093420.57293","2546.44"
"MustangCoin","MST","630343.24367","1049.38"
"Neuro","NRO","37971912.0503","1180.15"
"AllSafe","ASAFE2","8030000.0092","2217.23"
"BillaryCoin","BLRY","8991963.58006","10481.1"
"Metal Music Coin","MTLMC3","79719140.4633","573.716"
"Money","$$$","45887217.5419","553.317"
"SOILcoin","SOIL","5702048.0","1871.98"
"X-Coin","XCO","12384976.0","1035.5"
"Sugar Exchange","SGR","3500000.0","7996.05"
"Coinonat","CXT","8623200.0","1081.59"
"Litecred","LTCR","30227750.0256","3345.75"
"Comet","CMT",,"3017.04"
"Kronecoin","KRONE","3723455.52143","1677.29"
"Digital Rupees","DRS","510802960.94","4824.63"
"GlobalToken","GLT","26218700.0","820.961"
"Theresa May Coin","MAY","25074800.0","828.975"
"Gold Pressed ...","GPL","256526.823088","587.432"
"Kurrent","KURT","9919485.0297","868.441"
"Eryllium","ERY","5461760.80592","3682.16"
"Veros","VRS","486609040.0","550.758"
"Spots","SPT","22406021.2405","2486.28"
"CybCSec","XCS","11834082.2983","536.548"
"G3N","G3N","7561891.0","1243.7"
"Interzone","ITZ","1845727.59989","1986.87"
"Beatcoin","XBTS","1524686.09585","2227.34"
"Iconic","ICON","592893.53","2726.74"
"Vault Coin","VLTC","30339840.1762","3318.88"
"Network Token","NTWK","11671310.0","556.785"
"LiteBitcoin","LBTC","3188280.0","19969.1"
"Luna Coin","LUNA","1644486.56536","533.373"
"GeyserCoin","GSR","46863.9","17737.4"
"BnrtxCoin","BNX","26522501.0015","586.144"
"EOT Token","EOT","8260903.0001","3386.88"
"LiteCoin Ultra","LTCU","867702.1594","19339.3"
"Slevin","SLEVIN","70000000.0245","503.95"
"Impact","IMX","109509098.597","680.179"
"Master Swiscoin","MSCN","44700800.0","1835.82"
"Grimcoin","GRIM","10324802.0832","1804.85"
"Elysium","ELS","4005012.07736","840.798"
"VapersCoin","VPRC","780124964.0","1609.41"
"Rawcoin","XRC","704882.0","778.126"
"CrevaCoin","CREVA","36390750.0","3393.14"
"LevoPlus","LVPS","1513255.7395","3904.44"
"Ulatech","ULA","199586.418","1633.58"
"HarmonyCoin","HMC","561235.032413","5124.39"
"Enigma","XNG","16626.6407458","749.421"
"BCAP","BCAP","10000000.0","166.858"
"Stakecoin","STCN","6000000.0","0.0"
"EncryptoTel [...","ETT","62131189.6","87.8797"
"Ecobit","ECOB",,"221.441"
"XCurrency","XC","5870188.60245","0.0"
"E-coin","ECN","4707665.26478","24.8728"
"Prospectors Gold","PGL","64500000.0","4.82262"
"Arcade Token","ARC","1636311.54058","None"
"Rustbits","RUSTBITS","35300866.3407","331.88"
"Ethereum Movi...","EMV","6566666.0","11.5075"
"Bitland","CADASTRAL","30000000.0","191.018"
"ICO OpenLedger","ICOO","465951.5866","375.3"
"CryptCoin","CRYPT","6066182.23203","36.3551"
"RussiaCoin","RC","8377872.94287","39.6037"
"Intelligent T...","ITT","9797899.14424","10.1797"
"Shorty","SHORTY","100000000.13","7.60213"
"REX","REX","8660756.0","147.284"
"Bowhead","AHT","8000000.0","0.0"
"ShadowCash","SDC","6695133.25917","7.92504"
"Footy Cash","XFT","4552912.0","292.662"
"Orbitcoin","ORB","3093617.27923","365.255"
"Machinecoin","MAC","20233725.0","304.129"
"StarCredits","STRC","4500000.0","249.312"
"BTCtalkcoin","TALK","65290634.7332","244.891"
"UltraCoin","UTC","44651161.2968","258.408"
"Gimli","GIM","80000000.0","292.113"
"MetalCoin","METAL","76925527.458","55.021"
"InPay","INPAY","10000000.0","69.9699"
"Valorbit","VAL","5319249621.5","0.0"
"Colossuscoin V2","CV2","22879392934.4","0.757028"
"EthBet","EBET","8502500.0","390.634"
"Link Platform","LNK","47503.2535","489.51"
"Piggycoin","PIGGY","487522095.632","86.0885"
"Etheriya","RIYA","1581531.0","412.825"
"CryptoForecast","CFT","46000000.0","88.6237"
"Casino","CASINO","1000000.0","None"
"Goodomy","GOOD","441349000.0","4.63627"
"Bitstar","BITS","23079736.7257","359.873"
"BitBoost","BBT","4862878.0","172.169"
"iTicoin","ITI","32000.0","62.7507"
"SACoin","SAC","7014452.69963","188.083"
"iDice","ICE","1571012.81296","190.404"
"SproutsExtreme","SPEX","2866607585.84","0.0"
"AurumCoin","AU","296215.656253","316.085"
"GlobalCoin","GLC","65171009.975","54.5897"
"Stress","STS","565134331.929","0.0"
"WayGuide","WAY","100040708.432","335.978"
"8Bit","8BIT","1467840.78618","404.776"
"Abjcoin","ABJ","8265187.03915","0.0"
"Rasputin Onli...","ROC","1083633.01279","None"
"Guncoin","GUN","197107828.0","464.812"
"Version","V","469054845.772","186.435"
"DaxxCoin","DAXX","498072910.0","72.3145"
"BlockPay","BLOCKPAY","5428300.0","256.813"
"UniCoin","UNIC","2968697.8718","284.5"
"Sativacoin","STV","7086669.45373","320.629"
"Prototanium","PR","195923.108375","294.39"
"DigiCube","CUBE","2429126009.17","5.73902"
"AmberCoin","AMBER","43699480.8066","0.0"
"Flycoin","FLY","210805.553941","0.0"
"iCoin","ICN","29217175.0","263.351"
"PureVidz","VIDZ","125279774.506","21.8427"
"GoldReserve","XGR","17171382.06","197.154"
"The Cypherfunks","FUNK","46300244999.4","186.704"
"Gapcoin","GAP","12069487.5366","156.675"
"SatoshiMadness","MAD","2000683485.05","1.62023"
"BigUp","BIGUP","2118820607.43","25.3964"
"HOdlcoin","HODL","156833060.0","468.538"
"Shadow Token","SHDW","7000000.0","87.827"
"FuckToken","FUCK","51392877.9914","269.54"
"WMCoin","WMC","11527489.2253","7.39344"
"Joincoin","J","2448401.5","163.249"
"RevolverCoin","XRE","22328698.323","221.887"
"QubitCoin","Q2C","248209501.321","17.8183"
"Aricoin","ARI","140262505.131","249.621"
"Shilling","SH","39614674.9998","109.313"
"Wyvern","WYV","1773650.90037","393.531"
"Bitcoin 21","XBTC21","793107.501077","111.51"
"GanjaCoin","MRJA","4451920.43768","12.5878"
"Pascal Lite","PASL","4280100.0","74.439"
"LottoCoin","LOT","14491014421.2","22.9102"
"GAIA","GAIA","24101381.4487","0.700832"
"Ripto Bux","RBX","381236123.0","362.389"
"Franko","FRK","930767.0","1.67273"
"Grantcoin","GRT","43154715.2315","190.422"
"HempCoin","HMP","1356645469.99","212.366"
"Halcyon","HAL","5308839.47155","125.397"
"I0Coin","I0C","20985323.3906","60.644"
"Cannation","CNNC","2476892.71923","44.7497"
"AntiBitcoin","ANTI","17465158.7897","24.7404"
"Firecoin","FIRE","98411.9359207","115.562"
"OHM","OHM","29799497.7819","16.2023"
"BunnyCoin","BUN","1.02320628092e+11","158.482"
"VirtualCoin","VC","10064286.6495","0.0"
"Jin Coin","JIN","9848485.4428","301.391"
"PX","PX","95841919.7421","21.0507"
"Dollarcoin","DLC","9106714.07746","224.149"
"IslaCoin","ISL","1513704.2019","1.65361"
"Eurocoin","EUC","12416554.4504","342.568"
"Prime-XI","PXI","17881049.991","171.217"
"AquariusCoin","ARCO","1493316.46488","355.234"
"PayCon","CON","23042604.0","22.108"
"Virtacoin","VTA","5201310113.21","4.55494"
"Sling","SLING","1074095.017","15.6514"
"Mineum","MNM","9436366.84876","439.264"
"Independent M...","IMS","5368933.59731","72.8112"
"BipCoin","BIP","1627261.18747","186.532"
"Photon","PHO","20535496354.2","273.468"
"Printerium","PRX","11821727.8828","278.493"
"Crypto","CTO","12231556.4683","63.7415"
"PayCoin","XPY","11826372.1478","202.196"
"EMoneyPower","EMP","9200000.0","32.4046"
"SoonCoin","SOON","12462620.0","141.715"
"TEKcoin","TEK","1414054561.52","118.694"
"LeaCoin","LEA","314689890.804","336.092"
"Dreamcoin","DRM","2449632.09328","68.7965"
"GameUnits","UNITS","3472982.5121","108.435"
"Argentum","ARG","8583763.44495","51.6136"
"Chronos","CRX","73729961.9115","197.819"
"NevaCoin","NEVA","2469730.0","123.534"
"Rupaya","RUPX","6104430.25609","50.931"
"SecretCoin","SCRT","4228671.77935","3.62932"
"Uro","URO",,"163.226"
"CHNCoin","CNC","49216222.65","16.2023"
"CageCoin","CAGE","1.01168328395e+11","10.321"
"Blackstar","BSTAR","630795971.028","0.0"
"Quatloo","QTL","7718882.84599","151.105"
"GuccioneCoin","GCC","20285537.0","28.6491"
"Bitz","BITZ","1990890.8112","14.2175"
"PopularCoin","POP","3372875244.48","84.1689"
"ARbit","ARB","7844725.0","447.659"
"QuazarCoin","QCN","6044910.70815","440.916"
"ZetaMicron","ZMC","600344291.45","34.0686"
"Jetcoin","JET","4872509.25335","1.32779"
"RonPaulCoin","RPC","896965.921699","34.1802"
"WARP","WARP","1095224.0","94.0875"
"MindCoin","MND","15867695.0","9.1953"
"ICOBID","ICOB","106701874.098","96.0644"
"PonziCoin","PONZI","861099.0018","78.8573"
"BitQuark","BTQ","9081730.925","22.5745"
"Artex Coin","ATX","18781749.8844","390.101"
"ETHGAS","EGAS","10157539.6264","117.73"
"Slimcoin","SLM","14937438.7766","16.2023"
"Jewels","JWL","20181635.8671","0.0"
"Pulse","PULSE","14298971.52","116.896"
"VectorAI","VEC2","16629208.9978","231.436"
"CompuCoin","CPN","19615019.309","112.546"
"Ammo Rewards","AMMO",,"425.823"
"Braincoin","BRAIN","10094424.2872","70.9253"
"BeaverCoin","BVC","3115258.0","476.411"
"MACRON","MCRN","401421400.685","377.384"
"BRAT","BRAT","160000000.0","176.782"
"ExchangeN","EXN","5100000.0","19.6759"
"Mincoin","MNC","4030044.88795","341.957"
"DPAY","DPAY",,"0.0"
"ReeCoin","REE","2560000000.0","471.187"
"Asiadigicoin","ADCN","24931054.0","238.954"
"EGO","EGO","60000000.5615","36.9619"
"VIP Tokens","VIP","83450402.6305","2.26832"
"CoExistCoin","COXST","27100000.0","0.138602"
"300 Token","300","300.0","312.319"
"Orlycoin","ORLY","36646778.9274","27.7039"
"BowsCoin","BSC","5550102.41646","6.20873"
"TAGRcoin","TAGR","38669633.7974","2.34885"
"CRTCoin","CRT","79270.303222","27.544"
"PIECoin","PIE","13555041.2032","17.9885"
"KibiCoin","KIC",,"0.226912"
"BenjiRolls","BENJI","20254346.0367","182.101"
"E4ROW","E4ROW","4398000.0","91.1746"
"Rimbit","RBT","115499623.422","147.211"
"CryptoWorldX ...","CWXT","59630200.0","346.136"
"DIBCOIN","DIBC","5000000.0","267.45"
"ImpulseCoin","IMPS","20245510.0266","26.2695"
"BiosCrypto","BIOS","20821709.0153","9.28992"
"SongCoin","SONG","32565300.0","51.269"
"Ride My Car","RIDE","101276975.653","8.31973"
"CryptoEscudo","CESC","144105100.0","120.157"
"Destiny","DES","1600000.0247","2.41042"
"Torcoin","TOR","316178.500006","136.565"
"Cthulhu Offer...","OFF","2622273.37047","0.0"
"FuzzBalls","FUZZ","4829945.0","414.159"
"PosEx","PEX","2453240.13869","15.9797"
"BlazeCoin","BLZ","608557393.5","23.2749"
"Useless Ether...","UET","3965716.09795","36.3284"
"High Voltage","HVCO","1494170.72042","0.0"
"AgrolifeCoin","AGLC","7551160.36415","233.685"
"OsmiumCoin","OS76","894026.0","13.2857"
"FlavorCoin","FLVR","20898106.169","396.112"
"KingN Coin","KNC","2007.82925742","55.5245"
"Zayedcoin","ZYD","6243840.00056","53.7949"
"Solarflarecoin","SFC","14083450.0","288.18"
"Steps","STEPS","18625017.0078","260.522"
"HealthyWormCoin","WORM","111488467.25","0.0"
"PLNcoin","PLNC",,"63.1098"
"LetItRide","LIR","36291285.2253","15.0636"
"Wild Beast Block","WBB","167764.872797","64.9285"
"GameBet Coin","GBT","21262780.2345","4.08055"
"JobsCoin","JOBS","106019269.7","470.26"
"BOAT","BOAT","18547845.1","303.052"
"DAPPSTER","DLISK",,"4.87349"
"Xonecoin","XOC",,"84.6882"
"Antilitecoin","ALTC","31512613.2578","81.3525"
"SydPak","SDP","159794.189253","209.287"
"eREAL","EREAL","68427562.0","6.63893"
"MTMGaming","MTM","2999967.0","None"
"iBank","IBANK",,"361.039"
"PlayerCoin","PLACO","35120000.0045","93.0567"
"Dix Asset","DIX","1e+11","313.452"
"BioBar","BIOB","885756.274","127.036"
"Speedcash","SCS","261830.680974","76.8623"
"Zonecoin","ZNE","2581970.38365","0.0"
"MiloCoin","MILO","10789953.7141","17.3355"
"Tradecoin","TRADE","7797004.0","0.0"
"SocialCoin","SOCC","1384878.63473","24.4929"
"Save and Gain","SANDG","3064800.039","93.2442"
"Cabbage","CAB",,"0.0"
"Dollar Online","DOLLAR","753776.046463","59.5043"
"Roofs","ROOFS","130000000.0","300.745"
"Qibuck Asset","QBK","1671379.0","156.611"
"Coimatic 2.0","CTIC2","13532750.0","159.066"
"JavaScript Token","JS","7991996.0","92.0598"
"GeertCoin","GEERT","5091199.615","300.527"
"Selfiecoin","SLFI","107829280.731","177.869"
"RSGPcoin","RSGP","1727.28465303","117.32"
"Bitvolt","VOLT","15112554.0338","261.781"
"Corethum","CRTM","2500000.0","10.6223"
"CCMiner","CCM100","3360417.0","0.399451"
"Argus","ARGUS","1148324.048","72.4339"
"GBCGoldCoin","GBC","11361816.7108","53.3963"
"Magnum","MGM","3957381.31249","121.937"
"DAS","DAS","2700325.1697","0.0"
"Tristar Coin","TSTR","5027856.6437","163.36"
"P7Coin","P7C","35220238.0","476.352"
"NodeCoin","NODC","1678439.03712","93.238"
"WalletBuilder...","WBC","18802.5203761","0.0"
"Concoin","CONX","744265.711357","60.5085"
"Frazcoin","FRAZ","9227697.63644","254.616"
"BurstOcean","OCEAN","211827.0","10.4831"
"MorningStar","MRNG","32674594.3202","0.0"
"Project-X","NANOX","0.078264","56.2113"
"PizzaCoin","PIZZA","1377917.18436","292.123"
"Lex4All","LEX","1000000.0","0.691377"
"SwapToken","TOKEN","15320585365.0","47.3729"
"Digital Credits","DGCS","5826388.00985","282.407"
"Ebittree Coin","EBT","1264510.7069","162.555"
"Abncoin","ABN","67700.009","44.2883"
"Sojourn","SOJ","485214.0","2.2368"
"MantraCoin","MNC","4650380.063","0.0"
"Digital Money...","DMB","421300.0","377.897"
"Environ","ENV","132717518.083","0.0"
"CaliphCoin","CALC","87140.02423","0.0"
"Future Digita...","FDC","2753201.1489","0.0"
"Falcoin","FAL","196766.242","129.619"
"AppleCoin","APW","80660.2734537","489.721"
"ATMCoin","ATMC","None","10155400.0"
"Bitcoin Diamo...","BCD",,"9146510.0"
"Eroscoin","ERO","None","6821570.0"
"CyberMiles","CMT","None","6344910.0"
"Electroneum","ETN","None","4537340.0"
"Nuls","NULS","None","4201650.0"
"GOLD Reward T...","GRX","None","3344720.0"
"POLY AI","AI","None","3221900.0"
"FirstCoin","FRST","None","2738460.0"
"Regalcoin","REC","None","2671280.0"
"Fargocoin","FRGC","None","2134690.0"
"ClubCoin","CLUB","None","2070250.0"
"Ormeus Coin","ORME","None","1605940.0"
"BitSerial","BTE","None","993806.0"
"Tezos (Pre-La...","XTZ",,"752564.0"
"SegWit2x [Fut...","B2X",,"680878.0"
"Santa Coin","STC",,"677393.0"
"TechShares","THS","None","492328.0"
"Infinity Econ...","XIN","None","441382.0"
"ANRYZE","RYZ","None","410153.0"
"Energo","TSL","None","354788.0"
"Bodhi","BOT",,"354303.0"
"LLToken","LLT","None","319163.0"
"Aidos Kuneen","ADK","None","306378.0"
"WINCOIN","WC","None","306306.0"
"Cappasity","CAPP","None","293470.0"
"InfChain","INF",,"293330.0"
"XYLO","XYLO","None","286090.0"
"Copico","XCPO","None","201825.0"
"Sphre AIR ","XID","None","190074.0"
"BT2 [CST]","BT2",,"179057.0"
"BT1 [CST]","BT1",,"156454.0"
"ICON","ICX","None","146716.0"
"Golos Gold","GBG","None","140214.0"
"BitSoar","BSR","None","109844.0"
"B3Coin","B3","None","104392.0"
"BTCMoon","BTCM","None","102048.0"
"Qbao","QBT",,"79858.6"
"Desire","DSR","None","58997.3"
"Maker","MKR","None","58703.6"
"FORCE","FOR","None","56975.6"
"MSD","MSD","None","44292.5"
"UG Token","UGT","None","43956.6"
"Farad","FRD","None","43161.4"
"Social Send","SEND","None","40640.6"
"Everus","EVR","None","40074.9"
"Suretly","SUR","None","39563.6"
"MagicCoin","MAGE","None","36740.7"
"Pirate Blocks","SKULL","None","33783.1"
"Advanced Inte...","AIB","None","32496.4"
"VPNCoin","VASH","None","31877.5"
"Sakuracoin","SKR","None","29664.2"
"Pabyosi Coin ...","PCS","None","22636.2"
"Flash","FLASH","None","21230.2"
"Blockpool","BPL","None","20939.6"
"MyWish","WISH","None","18189.3"
"ZenGold","ZENGOLD","None","17376.6"
"Ergo","EFYT","None","16778.3"
"CORION","COR","None","15287.6"
"Bitcoin Silver","BTCS","None","15079.2"
"Viuly","VIU","None","14700.0"
"Motocoin","MOTO","None","14341.4"
"Bitcoin Unlim...","BTU",,"12539.5"
"Coimatic 3.0","CTIC3","None","12406.4"
"DeusCoin","DEUS","None","11590.8"
"Huncoin","HNC","None","11443.9"
"MergeCoin","MGC","None","11248.9"
"Aerium","AERM","None","11018.3"
"BlockCDN","BCDN","None","11007.8"
"Sync","SYNC","None","10563.9"
"Macro","MCR","None","9727.94"
"LiteCoin Gold","LTG","None","9051.98"
"TerraNova","TER","None","8874.61"
"PlexCoin","PLX","None","8785.77"
"Blockchain Index","BLX","None","8280.51"
"BOScoin","BOS","None","8097.09"
"Akuya Coin","AKY","None","7941.27"
"DFSCoin","DFS","None","7766.16"
"Hyper TV","HYTV","None","6949.18"
"Hawala.Today","HAT","None","6258.29"
"Wild Crypto","WILD","None","5493.09"
"Sand Coin","SND","None","5433.84"
"STEX","STEX","None","5293.77"
"T-coin","TCOIN",,"5090.72"
"NEO GOLD","NEOG","None","4838.95"
"Ethereum Lite","ELITE","None","4752.8"
"Phantomx","PNX","None","4539.69"
"SIGMAcoin","SIGMA",,"4296.42"
"DigiPulse","DGPT","None","4191.55"
"onG.social","ONG","None","3866.07"
"Bonpay","BON","None","3484.6"
"WA Space","WA","None","3412.69"
"UR","UR","None","3352.35"
"PeepCoin","PCN",,"3265.14"
"Bitbase","BTBc","None","3179.18"
"Nekonium","NUKO","None","3134.86"
"AlpaCoin","APC","None","3120.74"
"Musiconomi","MCI","None","3114.06"
"Peacecoin","PEC","None","3055.27"
"AmsterdamCoin","AMS","None","2862.88"
"Skeincoin","SKC","None","2858.1"
"AdCoin","ACC","None","2798.27"
"StrongHands","SHND","None","2791.78"
"SISA","SISA","None","2739.65"
"OX Fina","OX","None","2501.84"
"First Bitcoin...","BITCF","None","2492.25"
"Oxycoin","OXY","None","2471.27"
"GlassCoin","GLS","None","2344.5"
"Rupaya [OLD]","RUPX",,"2285.05"
"DynamicCoin","DMC","None","2203.18"
"Digital Bulli...","DBG","None","2175.8"
"President Trump","PRES","None","1953.8"
"B2B","B2B","None","1862.44"
"Zilbercoin","ZBC","None","1789.54"
"UAHPay","UAHPAY","None","1757.54"
"Chronologic","DAY","None","1714.93"
"Wi Coin","WIC","None","1711.38"
"Bastonet","BSN",,"1702.49"
"Francs","FRN","None","1685.48"
"EncryptoTel [...","ETT","None","1629.38"
"Minex","MINEX","None","1558.63"
"Axiom","AXIOM","None","1462.46"
"EDRCoin","EDRC","None","1379.37"
"Triaconta","TRIA","None","1237.05"
"Cash Poker Pro","CASH","None","1182.61"
"CyberCoin","CC","None","1151.41"
"Internet of T...","XOT","None","1093.62"
"TIES Network","TIE","None","1066.65"
"India Coin","INDIA","None","1038.89"
"High Gain","HIGH",,"1020.84"
"Royalties","XRY","None","987.566"
"Halloween Coin","HALLO","None","909.972"
"EtherDoge","EDOGE","None","890.944"
"Dutch Coin","DUTCH",,"828.463"
"netBit","NBIT",,"768.654"
"Bubble","BUB","None","746.068"
"RubleBit","RUBIT","None","714.867"
"Sharkcoin","SAK",,"701.793"
"iBTC","IBTC","None","669.646"
"BestChain","BEST","None","632.174"
"Bitcoin2x","BTC2X","None","610.781"
"9COIN","9COIN","None","605.336"
"LandCoin","LDCN","None","554.194"
"UniversalRoya...","UNRC","None","546.835"
"NamoCoin","NAMO","None","544.811"
"StarCash Network","STARS","None","538.896"
"bitJob","STU","None","535.541"
"BatCoin","BAT",,"522.005"
"Birds","BIRDS",,"519.003"
"FireFlyCoin","FFC","None","498.005"
"Protean","PRN",,"492.367"
"GulfCoin","MGC",,"486.512"
"SafeCoin","SFE",,"443.943"
"Aces","ACES",,"442.477"
"ZSEcoin","ZSE","None","441.164"
"The Vegan Ini...","XVE",,"439.624"
"XDE II","XDE2","None","408.386"
"Coupecoin","COUPE","None","399.566"
"Cyder","CYDER",,"398.268"
"RoyalCoin","ROYAL","None","388.811"
"GAY Money","GAY","None","387.694"
"Magnetcoin","MAGN","None","363.836"
"Dashs","DASHS",,"362.15"
"EA Coin","EAG","None","294.784"
"LinkedCoin","LKC","None","284.71"
"Vulcano","VULC","None","283.654"
"PokeCoin","POKE","None","283.4"
"Mavro","MAVRO","None","275.96"
"EventChain","EVC","None","262.016"
"FrankyWillCoin","FRWC","None","233.394"
"Rcoin","RCN","None","228.71"
"BlazerCoin","BLAZR",,"228.376"
"DimonCoin","FUDD","None","220.855"
"Topaz Coin","TOPAZ","None","217.329"
"First Bitcoin","BIT","None","192.986"
"Animecoin","ANI",,"192.15"
"HODL Bucks","HDLB","None","192.082"
"Bitcedi","BXC","None","190.748"
"Runners","RUNNERS","None","183.461"
"MarxCoin","MARX","None","181.762"
"Cubits","QBT",,"179.509"
"Quebecoin","QBC",,"167.14"
"TodayCoin","TODAY",,"162.023"
"PlusCoin","PLC","None","148.269"
"GoldMaxCoin","GMX","None","142.343"
"iQuant","IQT","None","139.659"
"Primulon","PRIMU",,"134.287"
"TopCoin","TOP","None","134.221"
"TheCreed","TCR",,"131.8"
"eGold","EGOLD","None","131.008"
"Regacoin","REGA","None","128.469"
"DarkLisk","DISK","None","121.989"
"TeslaCoilCoin","TESLA","None","107.755"
"Wowcoin","WOW",,"106.354"
"Aseancoin","ASN","None","95.6507"
"Natcoin","NTC","None","92.4571"
"KashhCoin","KASHH",,"87.0857"
"MMXVI","MMXVI","None","83.2916"
"BetaCoin","BET",,"83.0009"
"FutCoin","FUTC","None","82.4056"
"Infinity Pay","IPY","None","80.9949"
"Voyacoin","VOYA","None","75.4343"
"eUSD","EUSD","None","75.2411"
"RHFCoin","RHFC","None","71.7708"
"X2","X2","None","70.8548"
"GameLeagueCoin","GML",,"68.4998"
"Global Busine...","GBRC","None","67.829"
"RabbitCoin","RBBT",,"64.9502"
"BitcoinCashSc...","BCCS","None","64.8093"
"Tellurion","TELL","None","62.7737"
"PrismChain","PRM",,"62.0869"
"AvatarCoin","AV",,"60.4223"
"Elacoin","ELC","None","50.8324"
"WeAreSatoshi","WSX","None","48.8485"
"Antimatter","ANTX",,"48.6071"
"Cashme","CME",,"47.0191"
"eBIT","EBIT","None","44.2595"
"FlappyCoin","FLAP","None","41.4126"
"BitAlphaCoin","BAC","None","41.3089"
"Donationcoin","DON",,"40.0671"
"Fonziecoin","FONZ",,"36.2337"
"Granite","GRN",,"36.0992"
"UGAIN","GAIN","None","33.2974"
"SnakeEyes","SNAKE","None","33.0834"
"Alphabit","ABC","None","32.5054"
"Qora","QORA","None","31.8606"
"EXRNchain","EXRN","None","29.2113"
"IrishCoin","IRL","None","29.0248"
"Swapcoin","SWP","None","26.9983"
"Karmacoin","KARMA","None","24.3035"
"SHACoin","SHA",,"24.3035"
"Cycling Coin","CYC",,"24.0413"
"Wink","WINK",,"23.4932"
"International...","XID",,"19.2518"
"Yellow Token","YEL","None","17.7038"
"Xaucoin","XAU","None","16.0008"
"Happy Creator...","HCC","None","14.9658"
"Quotient","XQN","None","14.6987"
"LePen","LEPEN",,"14.1079"
"Avoncoin","ACN","None","13.9995"
"LAthaan","LTH",,"12.9623"
"Omicron","OMC","None","12.2191"
"10M Token","10MT","None","11.0649"
"Clinton","CLINT",,"10.7985"
"Hyper","HYPER","None","7.63502"
"Bongger","BGR","None","7.31787"
"SportsCoin","SPORT","None","6.97931"
"Yescoin","YES",,"6.50646"
"Opescoin","OPES","None","6.30448"
"UNCoin","UNC","None","5.4549"
"RichCoin","RICHX","None","5.21844"
"UtaCoin","UTA","None","4.63726"
"Operand","OP","None","4.40023"
"FAPcoin","FAP","None","3.16458"
"Fazzcoin","FAZZ","None","2.78631"
"MobileCash","MBL","None","2.57439"
"Moneta","MONETA","None","2.43035"
"Cheapcoin","CHEAP",,"2.0901"
"eLTC","ELTC2","None","1.77038"
"Lazaruscoin","LAZ",,"1.63627"
"Infinitecoin","IFC","None","0.440463"
"VegasCoin","VGC",,"0.0"
"Storjcoin X","SJCX","None","0.0"
"BitCentavo","NBE","None","0.0"
"TrickyCoin","TRICK",,"0.0"
"EggCoin","EGG",,"0.0"
"ShellCoin","SHELL","None","0.0"
"Dubstep","DUB",,"0.0"
"DeltaCredits","DCRE",,"0.0"
"InvisibleCoin","IVZ",,"0.0"
"Psilocybin","PSY",,"0.0"
"PayPeer","PAYP",,"0.0"
"OCOW","OCOW",,"0.0"
"President Joh...","GARY","None","0.0"
"Golfcoin","GOLF","None","0.0"
"TeamUp","TEAM",,"0.0"
"CBD Crystals","CBD",,"0.0"
"MoneyCoin","MONEY","None","0.0"
"Safe Trade Coin","XSTC","None","0.0"
"PinkDog","PDG","None","0.0"
"TeraCoin","TERA","None","0.0"
"BIXC","BIXC","None","0.0"
"Tattoocoin (L...","TLE","None","0.0"
"GoldUnionCoin","GUC","None","0.0"
"Tyrocoin","TYC","None","0.0"
"PiCoin","PI","None","0.0"
"Bitok","BITOK","None","0.0"
"TurboCoin","TURBO",,"0.0"
"PeopleCoin","MEN","None","0.0"
"XTD Coin","XTD",,"0.0"
"BITFID","FID","None","0.0"
"Wowecoin","WEC",,"None"
"Facecoin","FC","None","None"
"Swisscoin","SIC","None","None"
"Faceblock","FBL","None","None"